FPR,TPR,Threshold
0.0,0.0,inf
0.0,0.00019489378288832586,0.99815714
0.0,0.010134476710192944,0.9944025
0.00019047619047619048,0.010134476710192944,0.99439234
0.00019047619047619048,0.04151237575521341,0.9905858
0.00038095238095238096,0.04151237575521341,0.99056923
0.00038095238095238096,0.0459949327616449,0.99036145
0.00038095238095238096,0.04638472032742155,0.990357
0.00038095238095238096,0.06548431105047749,0.98923343
0.00038095238095238096,0.06587409861625414,0.9892334
0.00038095238095238096,0.07405963749756382,0.9888684
0.0007619047619047619,0.07405963749756382,0.9888607
0.0007619047619047619,0.08887156499707659,0.9882195
0.0007619047619047619,0.08926135256285324,0.9882068
0.0007619047619047619,0.09510816604950302,0.9879933
0.0007619047619047619,0.09549795361527967,0.98799056
0.0007619047619047619,0.0964724225297213,0.98793817
0.0009523809523809524,0.0964724225297213,0.98793036
0.0009523809523809524,0.11050477489768076,0.9872007
0.001142857142857143,0.11050477489768076,0.98719984
0.001142857142857143,0.11576690703566556,0.9869859
0.0013333333333333333,0.11576690703566556,0.98697495
0.0013333333333333333,0.12102903917365036,0.9867159
0.0015238095238095239,0.12102903917365036,0.986686
0.0015238095238095239,0.13467160397583317,0.98600364
0.0017142857142857142,0.13467160397583317,0.9859939
0.0017142857142857142,0.1356460728902748,0.98595566
0.0019047619047619048,0.1356460728902748,0.98595047
0.0019047619047619048,0.147729487429351,0.98543787
0.0020952380952380953,0.147729487429351,0.98543644
0.0020952380952380953,0.15104268173845253,0.9853106
0.002285714285714286,0.15104268173845253,0.9852864
0.002285714285714286,0.15708438900799065,0.9849752
0.002476190476190476,0.15708438900799065,0.98496026
0.002476190476190476,0.15727928279087897,0.9849584
0.0026666666666666666,0.15727928279087897,0.9849576
0.0026666666666666666,0.17735334242837653,0.9837596
0.002857142857142857,0.17735334242837653,0.9837531
0.002857142857142857,0.19197037614500098,0.9827864
0.0030476190476190477,0.19197037614500098,0.98274267
0.0030476190476190477,0.19664782693432079,0.9825282
0.0032380952380952383,0.19664782693432079,0.9825125
0.0032380952380952383,0.20249464042097057,0.98217833
0.0034285714285714284,0.20249464042097057,0.98217535
0.0034285714285714284,0.20405379068407717,0.9821414
0.003619047619047619,0.20405379068407717,0.982138
0.003619047619047619,0.2116546482167219,0.98166674
0.0038095238095238095,0.2116546482167219,0.9816644
0.0038095238095238095,0.21808614305203664,0.9812609
0.0038095238095238095,0.21847593061781329,0.981252
0.0038095238095238095,0.21925550574936659,0.9812211
0.004,0.21925550574936659,0.9812042
0.004,0.226076788150458,0.9806385
0.004190476190476191,0.226076788150458,0.9806321
0.004190476190476191,0.2268563632820113,0.980606
0.004380952380952381,0.2268563632820113,0.98060566
0.004380952380952381,0.2297797700253362,0.9804965
0.004571428571428572,0.2297797700253362,0.9804912
0.004571428571428572,0.2336776456831027,0.98024404
0.004761904761904762,0.2336776456831027,0.98024267
0.004761904761904762,0.23971935295264082,0.97989357
0.004952380952380952,0.23971935295264082,0.97988427
0.004952380952380952,0.2504385110114987,0.97914374
0.005142857142857143,0.2504385110114987,0.9791243
0.005142857142857143,0.25414149288637694,0.9788544
0.005333333333333333,0.25414149288637694,0.97884583
0.005333333333333333,0.2558955369323719,0.97874707
0.005333333333333333,0.2562853244981485,0.97874403
0.005333333333333333,0.2578444747612551,0.9786415
0.005523809523809524,0.2578444747612551,0.97862756
0.005523809523809524,0.2586240498928084,0.9786008
0.005714285714285714,0.2586240498928084,0.97859746
0.005714285714285714,0.2644708633794582,0.9780331
0.005904761904761905,0.2644708633794582,0.97801834
0.005904761904761905,0.27012278308321963,0.9777054
0.006095238095238095,0.27012278308321963,0.977699
0.006095238095238095,0.2841551354511791,0.97685444
0.006285714285714286,0.2841551354511791,0.97685176
0.006285714285714286,0.2892223738062756,0.97648245
0.006285714285714286,0.28961216137205226,0.9764523
0.006285714285714286,0.294874293510037,0.9759519
0.0064761904761904765,0.294874293510037,0.97594255
0.0064761904761904765,0.3053985577860066,0.97528976
0.006666666666666667,0.3053985577860066,0.9752511
0.006666666666666667,0.31007600857532647,0.97480434
0.006857142857142857,0.31007600857532647,0.97479236
0.006857142857142857,0.32060027285129605,0.9738874
0.007047619047619047,0.32060027285129605,0.9738643
0.007047619047619047,0.32449814850906256,0.9734909
0.007238095238095238,0.32449814850906256,0.9734848
0.007238095238095238,0.33268368739037224,0.9728612
0.0074285714285714285,0.33268368739037224,0.9728593
0.0074285714285714285,0.33736113817969204,0.9724033
0.007619047619047619,0.33736113817969204,0.9723793
0.007619047619047619,0.3510037029818749,0.971053
0.00780952380952381,0.3510037029818749,0.9710201
0.00780952380952381,0.3533424283765348,0.97090834
0.008,0.3533424283765348,0.97087485
0.008,0.35373221594231147,0.97083026
0.00819047619047619,0.35373221594231147,0.97081226
0.00819047619047619,0.3607483921262912,0.970198
0.008380952380952381,0.3607483921262912,0.9701932
0.008380952380952381,0.36133307347495613,0.9701671
0.008571428571428572,0.36133307347495613,0.97013086
0.008571428571428572,0.36289222373806274,0.969998
0.008761904761904762,0.36289222373806274,0.9699614
0.008761904761904762,0.36367179886961604,0.9698717
0.008952380952380953,0.36367179886961604,0.9698238
0.008952380952380953,0.36581563048138765,0.96964246
0.009142857142857144,0.36581563048138765,0.96960557
0.009142857142857144,0.3669849931787176,0.9694323
0.009333333333333334,0.3669849931787176,0.9694263
0.009333333333333334,0.3691288247904892,0.96921545
0.009523809523809525,0.36932371857337754,0.9691972
0.009523809523809525,0.3714675501851491,0.968956
0.009714285714285713,0.3714675501851491,0.9689477
0.009714285714285713,0.373806275579809,0.9686756
0.009904761904761904,0.373806275579809,0.96866846
0.009904761904761904,0.374975638277139,0.9685441
0.010095238095238095,0.374975638277139,0.96853566
0.010095238095238095,0.3767296823231339,0.9682366
0.010285714285714285,0.3767296823231339,0.96812767
0.010285714285714285,0.38179692067823034,0.9677278
0.010666666666666666,0.38179692067823034,0.9676839
0.010666666666666666,0.38238160202689536,0.9675765
0.010857142857142857,0.38238160202689536,0.9675276
0.010857142857142857,0.3849152212044436,0.96728843
0.010857142857142857,0.3853050087702202,0.96728295
0.010857142857142857,0.3872539465991035,0.9671211
0.011047619047619047,0.3872539465991035,0.9671178
0.011047619047619047,0.40888715649970764,0.964629
0.011238095238095238,0.40888715649970764,0.9646219
0.011238095238095238,0.40947183784837266,0.9645481
0.011428571428571429,0.40947183784837266,0.9645455
0.011428571428571429,0.4100565191970376,0.96441543
0.011619047619047619,0.4100565191970376,0.96436
0.011619047619047619,0.41960631455856556,0.96346915
0.012,0.41960631455856556,0.96346724
0.012,0.4236990839992204,0.96308774
0.01219047619047619,0.4236990839992204,0.96306974
0.01219047619047619,0.4242837653478854,0.96300954
0.012380952380952381,0.4242837653478854,0.9630035
0.012380952380952381,0.43539271097251997,0.9616397
0.012571428571428572,0.43539271097251997,0.96162933
0.012571428571428572,0.4418242058078347,0.9607986
0.012761904761904763,0.4418242058078347,0.96078926
0.012761904761904763,0.4488403819918145,0.9599426
0.012952380952380953,0.4488403819918145,0.95993656
0.012952380952380953,0.4507893198206977,0.95954925
0.013142857142857144,0.4507893198206977,0.9595459
0.013142857142857144,0.45468719547846426,0.9589398
0.013333333333333334,0.45468719547846426,0.9588966
0.013333333333333334,0.46326252192555056,0.95782584
0.013523809523809523,0.46326252192555056,0.9577871
0.013523809523809523,0.470083804326642,0.9568911
0.013714285714285714,0.470083804326642,0.95683354
0.013714285714285714,0.4718378483726369,0.9565016
0.013904761904761904,0.4718378483726369,0.9564918
0.013904761904761904,0.47378678620152015,0.956168
0.014285714285714285,0.47378678620152015,0.9561138
0.014285714285714285,0.48255700643149485,0.95496505
0.014476190476190476,0.48255700643149485,0.9549494
0.014476190476190476,0.4913272266614695,0.95395875
0.014666666666666666,0.4913272266614695,0.9539256
0.014666666666666666,0.49990255310855586,0.95234114
0.015047619047619048,0.49990255310855586,0.95232
0.015047619047619048,0.505359579029429,0.95133066
0.015238095238095238,0.505359579029429,0.951249
0.015238095238095238,0.5075034106412005,0.9508684
0.015428571428571429,0.5075034106412005,0.9508338
0.015428571428571429,0.5115961800818554,0.9500487
0.01561904761904762,0.5115961800818554,0.95004445
0.01561904761904762,0.5195868251802768,0.94878966
0.015809523809523808,0.5195868251802768,0.9487423
0.015809523809523808,0.5209510816604951,0.94846976
0.016,0.5209510816604951,0.94846696
0.016,0.52270512570649,0.9480213
0.01619047619047619,0.52270512570649,0.94802034
0.01619047619047619,0.5273825764958098,0.9465329
0.01638095238095238,0.5273825764958098,0.94649225
0.01638095238095238,0.5285519391931397,0.9462989
0.01657142857142857,0.5285519391931397,0.9462516
0.01657142857142857,0.5324498148509063,0.9457161
0.016761904761904763,0.5324498148509063,0.9456483
0.016761904761904763,0.5326447086337945,0.9456118
0.01695238095238095,0.5326447086337945,0.94560176
0.01695238095238095,0.5363476905086728,0.94499505
0.017142857142857144,0.5363476905086728,0.94481885
0.017142857142857144,0.5412200350808809,0.94404364
0.017333333333333333,0.5412200350808809,0.9440252
0.017333333333333333,0.5466770610017541,0.94294256
0.017523809523809525,0.5466770610017541,0.94286776
0.017523809523809525,0.5476515299161957,0.942733
0.017714285714285714,0.5476515299161957,0.9427159
0.017714285714285714,0.5523289807055155,0.94199145
0.017904761904761906,0.5523289807055155,0.94192857
0.017904761904761906,0.5566166439290586,0.9410669
0.018095238095238095,0.5566166439290586,0.9410247
0.018095238095238095,0.5599298382381602,0.94038635
0.018285714285714287,0.5599298382381602,0.9403312
0.018285714285714287,0.5603196258039369,0.9402958
0.018476190476190476,0.5603196258039369,0.9402411
0.018476190476190476,0.5630481387643734,0.9395178
0.018666666666666668,0.5630481387643734,0.93939984
0.018666666666666668,0.5655817579419217,0.93875384
0.018857142857142857,0.5655817579419217,0.9386509
0.018857142857142857,0.5665562268563633,0.93826884
0.01904761904761905,0.5665562268563633,0.93825406
0.01904761904761905,0.5839017735334243,0.93388665
0.019238095238095238,0.5839017735334243,0.9338833
0.019238095238095238,0.5876047554083025,0.9325586
0.01961904761904762,0.5876047554083025,0.93228316
0.01961904761904762,0.5938413564607289,0.9310417
0.019809523809523808,0.5938413564607289,0.9309481
0.019809523809523808,0.5952056129409472,0.9304619
0.02,0.5952056129409472,0.93044645
0.02,0.5961800818553888,0.93025017
0.02019047619047619,0.5961800818553888,0.9301826
0.02019047619047619,0.5969596569869421,0.9300225
0.02038095238095238,0.5969596569869421,0.9299935
0.02038095238095238,0.6008575326447086,0.9290303
0.02057142857142857,0.6008575326447086,0.9290123
0.02057142857142857,0.6045605145195868,0.9279646
0.02095238095238095,0.6045605145195868,0.9278863
0.02095238095238095,0.6065094523484701,0.927591
0.021142857142857144,0.6065094523484701,0.9275872
0.021142857142857144,0.6107971155720132,0.9268713
0.021333333333333333,0.6107971155720132,0.92686194
0.021333333333333333,0.6152796725784447,0.9257139
0.021523809523809525,0.6152796725784447,0.9257085
0.021523809523809525,0.6160592477099981,0.92537427
0.021714285714285714,0.6160592477099981,0.92530185
0.021714285714285714,0.616643929058663,0.92519724
0.021904761904761906,0.616643929058663,0.92516965
0.021904761904761906,0.6191775482362113,0.9247844
0.022095238095238095,0.6191775482362113,0.92477053
0.022095238095238095,0.6215162736308711,0.92422086
0.02266666666666667,0.6215162736308711,0.9240437
0.02266666666666667,0.6244396803741961,0.92334574
0.022857142857142857,0.6244396803741961,0.9232504
0.022857142857142857,0.6289222373806276,0.9216435
0.023047619047619046,0.6289222373806276,0.9215375
0.023047619047619046,0.6314558565581758,0.920783
0.023238095238095238,0.6314558565581758,0.9207111
0.023238095238095238,0.6374975638277139,0.9193454
0.023428571428571427,0.6374975638277139,0.9191466
0.023428571428571427,0.6386669265250439,0.9186904
0.02361904761904762,0.6386669265250439,0.9185288
0.02361904761904762,0.6408107581368154,0.9180421
0.023809523809523808,0.6408107581368154,0.9179144
0.023809523809523808,0.6425648021828103,0.91738826
0.024,0.6425648021828103,0.9173597
0.024,0.6480218281036835,0.9158499
0.02419047619047619,0.6480218281036835,0.91573465
0.02419047619047619,0.6495809783667901,0.91519576
0.02438095238095238,0.6495809783667901,0.9151957
0.02438095238095238,0.6575716234652115,0.91256595
0.02457142857142857,0.6575716234652115,0.9125428
0.02457142857142857,0.6669265250438511,0.9100864
0.02495238095238095,0.6669265250438511,0.9099319
0.02495238095238095,0.6679009939582927,0.9096007
0.025142857142857144,0.6679009939582927,0.9095349
0.025142857142857144,0.6682907815240694,0.9094594
0.025714285714285714,0.6682907815240694,0.9092679
0.025714285714285714,0.6708244007016176,0.9084141
0.025904761904761906,0.6708244007016176,0.908376
0.025904761904761906,0.6727733385305009,0.9078071
0.026095238095238095,0.6727733385305009,0.9077474
0.026095238095238095,0.6749171701422725,0.9074678
0.026285714285714287,0.6749171701422725,0.90729195
0.026285714285714287,0.6780354706684857,0.9066202
0.026476190476190476,0.6780354706684857,0.9065825
0.026476190476190476,0.678230364451374,0.90654445
0.02666666666666667,0.678230364451374,0.90641326
0.02666666666666667,0.6811537711946989,0.90536696
0.027047619047619046,0.6811537711946989,0.90522397
0.027047619047619046,0.6827129214578055,0.90453005
0.02723809523809524,0.6827129214578055,0.90427595
0.02723809523809524,0.6862210095497954,0.9029969
0.027428571428571427,0.6862210095497954,0.90299606
0.027428571428571427,0.6903137789904502,0.90176463
0.02761904761904762,0.6903137789904502,0.9016672
0.02761904761904762,0.6914831416877801,0.90125734
0.02780952380952381,0.6914831416877801,0.9012573
0.02780952380952381,0.696745273825765,0.89954007
0.028,0.696745273825765,0.89947087
0.028,0.6975248489573183,0.89931464
0.02819047619047619,0.6975248489573183,0.8992982
0.02819047619047619,0.6984993178717599,0.8991112
0.02838095238095238,0.6984993178717599,0.8990822
0.02838095238095238,0.6988891054375366,0.89887947
0.02895238095238095,0.6988891054375366,0.8986167
0.02895238095238095,0.7022022997466381,0.8975321
0.029333333333333333,0.7022022997466381,0.89742273
0.029333333333333333,0.7025920873124147,0.897078
0.029523809523809525,0.7025920873124147,0.89702785
0.029523809523809525,0.703371662443968,0.8964756
0.029714285714285714,0.703371662443968,0.89646316
0.029714285714285714,0.704541025141298,0.8960111
0.029904761904761906,0.704541025141298,0.8959478
0.029904761904761906,0.705125706489963,0.8958412
0.030095238095238095,0.705125706489963,0.8958001
0.030095238095238095,0.7061001754044046,0.8952724
0.030285714285714287,0.7061001754044046,0.8951555
0.030285714285714287,0.7098031572792828,0.8937565
0.030476190476190476,0.7098031572792828,0.89372456
0.030476190476190476,0.712921457805496,0.8927709
0.030666666666666665,0.712921457805496,0.89264125
0.030666666666666665,0.714675501851491,0.8915768
0.030857142857142857,0.714675501851491,0.8915572
0.030857142857142857,0.7158448645488209,0.8912185
0.031047619047619046,0.7158448645488209,0.8911387
0.031047619047619046,0.7213018904696941,0.888978
0.03123809523809524,0.7213018904696941,0.88896704
0.03123809523809524,0.7220814656012473,0.88868034
0.031619047619047616,0.7220814656012473,0.888605
0.031619047619047616,0.7222763593841356,0.8885894
0.032,0.7222763593841356,0.88848996
0.032,0.7312414733969986,0.8839657
0.03219047619047619,0.7312414733969986,0.8838697
0.03219047619047619,0.7335801987916586,0.882744
0.03238095238095238,0.7335801987916586,0.88274354
0.03238095238095238,0.7343597739232118,0.88235795
0.03257142857142857,0.7343597739232118,0.88234574
0.03257142857142857,0.7349444552718768,0.8821129
0.03276190476190476,0.7349444552718768,0.88204944
0.03276190476190476,0.7361138179692068,0.88179564
0.032952380952380955,0.7361138179692068,0.8817625
0.032952380952380955,0.737478074449425,0.8811695
0.03314285714285714,0.737478074449425,0.88116944
0.03314285714285714,0.7378678620152017,0.88099456
0.03333333333333333,0.7378678620152017,0.88093555
0.03333333333333333,0.73806275579809,0.8809155
0.033523809523809525,0.73806275579809,0.8808435
0.033523809523809525,0.7388423309296434,0.8807134
0.03371428571428572,0.7388423309296434,0.880713
0.03371428571428572,0.74040148119275,0.88013005
0.034095238095238095,0.74040148119275,0.8800218
0.034095238095238095,0.7439095692847398,0.878538
0.03428571428571429,0.7439095692847398,0.87853163
0.03428571428571429,0.7454687195478464,0.8780432
0.03447619047619047,0.7454687195478464,0.8780249
0.03447619047619047,0.7462482946793997,0.8776007
0.034666666666666665,0.7462482946793997,0.87751245
0.034666666666666665,0.747027869810953,0.8771604
0.035238095238095235,0.747027869810953,0.877075
0.035238095238095235,0.7487819138569479,0.8763264
0.03561904761904762,0.7487819138569479,0.8761397
0.03561904761904762,0.749366595205613,0.8757541
0.03580952380952381,0.749366595205613,0.8757529
0.03580952380952381,0.7507308516858312,0.87508357
0.03619047619047619,0.7507308516858312,0.87499833
0.03619047619047619,0.7509257454687196,0.8749164
0.03638095238095238,0.7509257454687196,0.8747829
0.03638095238095238,0.7511206392516079,0.87465847
0.03676190476190476,0.7511206392516079,0.8740698
0.03676190476190476,0.7526797895147145,0.8731064
0.037142857142857144,0.7526797895147145,0.87298936
0.037142857142857144,0.7540440459949328,0.87205666
0.037333333333333336,0.7540440459949328,0.87205446
0.037333333333333336,0.754823621126486,0.8717532
0.03752380952380952,0.754823621126486,0.871497
0.03752380952380952,0.7583317092184759,0.86987495
0.037714285714285714,0.7583317092184759,0.8698636
0.037714285714285714,0.7587214967842526,0.86956626
0.037904761904761906,0.7587214967842526,0.869534
0.037904761904761906,0.7589163905671409,0.8694105
0.0380952380952381,0.7589163905671409,0.86937284
0.0380952380952381,0.7593061781329176,0.8692746
0.038285714285714284,0.7593061781329176,0.8692446
0.038285714285714284,0.7596959656986942,0.86917865
0.038476190476190476,0.7596959656986942,0.86911255
0.038476190476190476,0.7598908594815825,0.86909986
0.03866666666666667,0.7598908594815825,0.86891884
0.03866666666666667,0.7602806470473592,0.86842966
0.039047619047619046,0.7602806470473592,0.86818314
0.039047619047619046,0.7610602221789124,0.8678235
0.03923809523809524,0.7610602221789124,0.867806
0.03923809523809524,0.7659325667511206,0.86476296
0.039619047619047616,0.7659325667511206,0.86462504
0.039619047619047616,0.7667121418826739,0.8644606
0.03980952380952381,0.7667121418826739,0.86431485
0.03980952380952381,0.767296823231339,0.86377966
0.04,0.767296823231339,0.8635811
0.04,0.7684661859286689,0.862853
0.04019047619047619,0.7684661859286689,0.8627416
0.04019047619047619,0.7686610797115572,0.86259747
0.04038095238095238,0.7686610797115572,0.86244345
0.04038095238095238,0.7698304424088872,0.861696
0.04057142857142857,0.7698304424088872,0.8616843
0.04057142857142857,0.7760670434613136,0.85871816
0.04076190476190476,0.7760670434613136,0.85867167
0.04076190476190476,0.7764568310270903,0.8584814
0.040952380952380955,0.7764568310270903,0.858459
0.040952380952380955,0.7766517248099786,0.8582095
0.04114285714285714,0.7766517248099786,0.85801613
0.04114285714285714,0.7772364061586435,0.85792917
0.04133333333333333,0.7772364061586435,0.8578349
0.04133333333333333,0.7799649191190801,0.85680264
0.04171428571428572,0.7799649191190801,0.8565082
0.04171428571428572,0.7805496004677451,0.8560933
0.0419047619047619,0.7805496004677451,0.85602295
0.0419047619047619,0.7819138569479633,0.85523224
0.04228571428571429,0.7819138569479633,0.8550211
0.04228571428571429,0.7844474761255116,0.8530016
0.04247619047619047,0.7844474761255116,0.85273266
0.04247619047619047,0.7862015201715066,0.8516179
0.042666666666666665,0.7862015201715066,0.85155463
0.042666666666666665,0.7863964139543949,0.85152566
0.04285714285714286,0.7863964139543949,0.85148084
0.04285714285714286,0.7881504580003897,0.8509586
0.04304761904761905,0.7881504580003897,0.8508967
0.04304761904761905,0.790099395829273,0.84912443
0.043238095238095235,0.790099395829273,0.8490857
0.043238095238095235,0.7904891833950497,0.8488581
0.04361904761904762,0.7904891833950497,0.84865516
0.04361904761904762,0.7922432274410446,0.84718895
0.04380952380952381,0.7922432274410446,0.84718585
0.04380952380952381,0.7936074839212629,0.84690845
0.044,0.7936074839212629,0.84687203
0.044,0.7943870590528163,0.8466743
0.04438095238095238,0.7943870590528163,0.8463592
0.04438095238095238,0.7947768466185928,0.84616035
0.044571428571428574,0.7947768466185928,0.8461154
0.044571428571428574,0.7961411030988111,0.84541655
0.04476190476190476,0.7961411030988111,0.845339
0.04476190476190476,0.7969206782303645,0.8450067
0.04495238095238095,0.7969206782303645,0.8449184
0.04495238095238095,0.7971155720132528,0.8448545
0.045142857142857144,0.7971155720132528,0.8445187
0.045142857142857144,0.7975053595790295,0.8440473
0.04533333333333334,0.7975053595790295,0.8440381
0.04533333333333334,0.7980900409276944,0.84392184
0.04552380952380952,0.7980900409276944,0.84379613
0.04552380952380952,0.7982849347105827,0.8434032
0.045714285714285714,0.7982849347105827,0.84332174
0.045714285714285714,0.8000389787565777,0.84230304
0.04590476190476191,0.8000389787565777,0.8422029
0.04590476190476191,0.800233872539466,0.84210587
0.04609523809523809,0.800233872539466,0.84187376
0.04609523809523809,0.8014032352367959,0.841158
0.046285714285714284,0.8014032352367959,0.8410466
0.046285714285714284,0.8021828103683493,0.840761
0.046476190476190476,0.8021828103683493,0.8406986
0.046476190476190476,0.8037419606314559,0.8395921
0.04666666666666667,0.8037419606314559,0.83923084
0.04666666666666667,0.8045215357630091,0.83872616
0.046857142857142854,0.8045215357630091,0.8387099
0.046857142857142854,0.8056908984603391,0.83768916
0.047047619047619046,0.8056908984603391,0.8373886
0.047047619047619046,0.8068602611576691,0.8368704
0.04723809523809524,0.8068602611576691,0.836856
0.04723809523809524,0.808614305203664,0.8361513
0.04742857142857143,0.808614305203664,0.83610004
0.04742857142857143,0.8113428181641006,0.8348509
0.047619047619047616,0.8113428181641006,0.83480006
0.047619047619047616,0.8130968622100955,0.83401597
0.04780952380952381,0.8130968622100955,0.8338008
0.04780952380952381,0.8134866497758722,0.8334764
0.048,0.8134866497758722,0.83344245
0.048,0.8136815435587604,0.83335257
0.04819047619047619,0.8136815435587604,0.8333167
0.04819047619047619,0.8146560124732021,0.8326317
0.04838095238095238,0.8146560124732021,0.8324047
0.04838095238095238,0.8158253751705321,0.83189726
0.04857142857142857,0.8158253751705321,0.8316239
0.04857142857142857,0.8164100565191971,0.83065903
0.048952380952380956,0.8164100565191971,0.8304991
0.048952380952380956,0.8197232508282986,0.8277939
0.04914285714285714,0.8197232508282986,0.82750225
0.04914285714285714,0.8201130383940752,0.8272307
0.049523809523809526,0.8201130383940752,0.82704115
0.049523809523809526,0.8208926135256285,0.82665884
0.04971428571428571,0.8208926135256285,0.8265986
0.04971428571428571,0.8255700643149484,0.82236874
0.0499047619047619,0.8255700643149484,0.8221525
0.0499047619047619,0.8281036834924966,0.8190681
0.05047619047619047,0.8281036834924966,0.8185707
0.05047619047619047,0.8288832586240499,0.81773853
0.050666666666666665,0.8288832586240499,0.8176764
0.050666666666666665,0.8290781524069383,0.81764597
0.05085714285714286,0.8290781524069383,0.817488
0.05085714285714286,0.8302475151042682,0.8170495
0.05104761904761905,0.8302475151042682,0.81703377
0.05104761904761905,0.8312219840187098,0.8160293
0.051238095238095235,0.8312219840187098,0.8160083
0.051238095238095235,0.8318066653673748,0.81574726
0.05142857142857143,0.8318066653673748,0.81571126
0.05142857142857143,0.8327811342818164,0.8151738
0.05161904761904762,0.8327811342818164,0.8151281
0.05161904761904762,0.8333658156304814,0.81401026
0.05180952380952381,0.8333658156304814,0.8139461
0.05180952380952381,0.8339504969791464,0.81294435
0.052,0.8339504969791464,0.8128553
0.052,0.8347300721106997,0.8121039
0.05238095238095238,0.8347300721106997,0.8117881
0.05238095238095238,0.8351198596764763,0.8116145
0.052571428571428575,0.8351198596764763,0.81158066
0.052571428571428575,0.835509647242253,0.81071955
0.05295238095238095,0.835509647242253,0.8106295
0.05295238095238095,0.8358994348080296,0.8102999
0.053142857142857144,0.8358994348080296,0.8102597
0.053142857142857144,0.8366790099395829,0.80998254
0.05333333333333334,0.8366790099395829,0.80984277
0.05333333333333334,0.8378483726369129,0.80910933
0.05352380952380952,0.8378483726369129,0.80905515
0.05352380952380952,0.8390177353342428,0.80862147
0.053714285714285714,0.8390177353342428,0.8083878
0.053714285714285714,0.8399922042486845,0.8072032
0.05390476190476191,0.8399922042486845,0.80700064
0.05390476190476191,0.8411615669460144,0.8064765
0.05409523809523809,0.8411615669460144,0.8058436
0.05409523809523809,0.8423309296433443,0.8049384
0.054285714285714284,0.8423309296433443,0.80489975
0.054285714285714284,0.8458390177353342,0.8008293
0.05466666666666667,0.8458390177353342,0.8004672
0.05466666666666667,0.8460339115182226,0.8003129
0.054857142857142854,0.8460339115182226,0.80024123
0.054857142857142854,0.8481777431299942,0.7987383
0.05504761904761905,0.8481777431299942,0.79855204
0.05504761904761905,0.8487624244786591,0.7981178
0.05523809523809524,0.8487624244786591,0.7977316
0.05523809523809524,0.8491522120444358,0.7973351
0.05542857142857143,0.8491522120444358,0.7972972
0.05542857142857143,0.850516468524654,0.79527867
0.05561904761904762,0.850516468524654,0.79523945
0.05561904761904762,0.8509062560904307,0.79421747
0.05580952380952381,0.8509062560904307,0.7939731
0.05580952380952381,0.8538296628337556,0.7922553
0.05638095238095238,0.8538296628337556,0.7919929
0.05638095238095238,0.8551939193139739,0.7898495
0.05657142857142857,0.8551939193139739,0.7893372
0.05657142857142857,0.8561683882284156,0.78866446
0.05714285714285714,0.8561683882284156,0.7881847
0.05714285714285714,0.8569479633599688,0.7876037
0.05733333333333333,0.8569479633599688,0.7874993
0.05733333333333333,0.8583122198401871,0.78601414
0.057523809523809526,0.8583122198401871,0.7858876
0.057523809523809526,0.8588969011888521,0.7853279
0.0579047619047619,0.8588969011888521,0.7848185
0.0579047619047619,0.859481582537517,0.7834842
0.058095238095238096,0.859481582537517,0.7834413
0.058095238095238096,0.8596764763204053,0.7834232
0.05828571428571429,0.8596764763204053,0.7833749
0.05828571428571429,0.860066263886182,0.7830795
0.05847619047619047,0.860066263886182,0.7826498
0.05847619047619047,0.8610407328006237,0.7818184
0.058666666666666666,0.8610407328006237,0.7817906
0.058666666666666666,0.8614305203664003,0.7811239
0.05904761904761905,0.8614305203664003,0.78107643
0.05904761904761905,0.862404989280842,0.77947164
0.059238095238095236,0.862404989280842,0.7791945
0.059238095238095236,0.8639641395439486,0.7772838
0.05961904761904762,0.8639641395439486,0.7768509
0.05961904761904762,0.8655232898070552,0.775628
0.06,0.8655232898070552,0.7751226
0.06,0.8670824400701618,0.77335095
0.06038095238095238,0.8670824400701618,0.77247846
0.06038095238095238,0.8672773338530501,0.77236795
0.06076190476190476,0.8672773338530501,0.7719434
0.06076190476190476,0.867862015201715,0.7712784
0.06095238095238095,0.867862015201715,0.77096975
0.06095238095238095,0.8682518027674917,0.7707237
0.061142857142857145,0.8682518027674917,0.7704892
0.061142857142857145,0.8688364841161567,0.77012026
0.06133333333333333,0.8688364841161567,0.769264
0.06133333333333333,0.8694211654648216,0.76855934
0.06152380952380952,0.8694211654648216,0.7677766
0.06152380952380952,0.8703956343792633,0.7654536
0.061714285714285715,0.8703956343792633,0.76545084
0.061714285714285715,0.8705905281621517,0.7646519
0.06190476190476191,0.8705905281621517,0.7643437
0.06190476190476191,0.8721496784252583,0.7622514
0.06209523809523809,0.8721496784252583,0.76186645
0.06209523809523809,0.8723445722081465,0.76118445
0.062285714285714285,0.8723445722081465,0.7609138
0.062285714285714285,0.8733190411225882,0.7602689
0.06247619047619048,0.8733190411225882,0.7602673
0.06247619047619048,0.8737088286883649,0.75971514
0.06266666666666666,0.8737088286883649,0.75928265
0.06266666666666666,0.8746832976028065,0.75827456
0.06304761904761905,0.8746832976028065,0.7579687
0.06304761904761905,0.877411810563243,0.7508305
0.06323809523809523,0.877411810563243,0.750534
0.06323809523809523,0.8783862794776847,0.74899447
0.06342857142857143,0.8783862794776847,0.748976
0.06342857142857143,0.8787760670434613,0.74834645
0.06380952380952382,0.8787760670434613,0.7478496
0.06380952380952382,0.879165854609238,0.7470847
0.064,0.879165854609238,0.7470374
0.064,0.879750535957903,0.74667716
0.06438095238095239,0.879750535957903,0.74577767
0.06438095238095239,0.8799454297407913,0.7456403
0.06457142857142857,0.8799454297407913,0.74551934
0.06457142857142857,0.8805301110894562,0.74425375
0.06476190476190476,0.8805301110894562,0.74405575
0.06476190476190476,0.8809198986552329,0.74323726
0.06495238095238096,0.8809198986552329,0.74277467
0.06495238095238096,0.8811147924381212,0.74227774
0.06514285714285714,0.8811147924381212,0.74226606
0.06514285714285714,0.8818943675696745,0.7402482
0.06552380952380953,0.8818943675696745,0.73955667
0.06552380952380953,0.8820892613525628,0.73894835
0.06571428571428571,0.8820892613525628,0.7388568
0.06571428571428571,0.8822841551354512,0.73829687
0.06590476190476191,0.8822841551354512,0.7382366
0.06590476190476191,0.8830637302670045,0.73707116
0.06647619047619048,0.8830637302670045,0.73606277
0.06647619047619048,0.8832586240498929,0.7360351
0.06685714285714285,0.8832586240498929,0.73569787
0.06685714285714285,0.8854024556616644,0.733901
0.06704761904761905,0.8854024556616644,0.7329668
0.06704761904761905,0.8863769245761061,0.73145163
0.06723809523809524,0.8863769245761061,0.7312817
0.06723809523809524,0.8873513934905477,0.73002493
0.06761904761904762,0.8873513934905477,0.72978044
0.06761904761904762,0.8877411810563243,0.7285364
0.068,0.8877411810563243,0.72834
0.068,0.8893003313194309,0.7248988
0.06819047619047619,0.8893003313194309,0.72464234
0.06819047619047619,0.8896901188852075,0.7244636
0.06857142857142857,0.8896901188852075,0.72405946
0.06857142857142857,0.8908594815825375,0.72131
0.06876190476190476,0.8908594815825375,0.7207247
0.06876190476190476,0.8920288442798675,0.7181019
0.06895238095238095,0.8920288442798675,0.71806455
0.06895238095238095,0.8922237380627558,0.7179065
0.06914285714285714,0.8922237380627558,0.7171975
0.06914285714285714,0.8928084194114208,0.7160444
0.06933333333333333,0.8928084194114208,0.71556664
0.06933333333333333,0.8930033131943091,0.7149708
0.06971428571428571,0.8930033131943091,0.71405864
0.06971428571428571,0.8933931007600857,0.7134563
0.0699047619047619,0.8933931007600857,0.71311784
0.0699047619047619,0.8941726758916391,0.71135956
0.0700952380952381,0.8941726758916391,0.7107098
0.0700952380952381,0.8943675696745274,0.71034336
0.07066666666666667,0.8943675696745274,0.7100595
0.07066666666666667,0.8965114012862989,0.70576614
0.07104761904761905,0.8965114012862989,0.7056112
0.07104761904761905,0.8967062950691873,0.7048563
0.07123809523809524,0.8967062950691873,0.7041962
0.07123809523809524,0.8982654453322939,0.70170856
0.07142857142857142,0.8982654453322939,0.7016481
0.07142857142857142,0.9000194893782888,0.69689417
0.072,0.9000194893782888,0.6957329
0.072,0.9011888520756188,0.6941086
0.0721904761904762,0.9011888520756188,0.6932881
0.0721904761904762,0.9015786396413954,0.6926156
0.07238095238095238,0.9015786396413954,0.6911067
0.07238095238095238,0.9029428961216137,0.68949175
0.07257142857142856,0.9029428961216137,0.68880814
0.07257142857142856,0.903137789904502,0.688586
0.07314285714285715,0.903137789904502,0.68710315
0.07314285714285715,0.9035275774702787,0.6857637
0.07333333333333333,0.9035275774702787,0.6857027
0.07333333333333333,0.9039173650360554,0.6847806
0.07352380952380952,0.9039173650360554,0.6837108
0.07352380952380952,0.9041122588189436,0.6823436
0.07371428571428572,0.9041122588189436,0.6823177
0.07371428571428572,0.904307152601832,0.6820862
0.07409523809523809,0.904307152601832,0.6806133
0.07409523809523809,0.9045020463847203,0.6806033
0.07447619047619047,0.9045020463847203,0.67921054
0.07447619047619047,0.9046969401676086,0.67905474
0.07466666666666667,0.9046969401676086,0.6789789
0.07466666666666667,0.9052816215162737,0.67730707
0.07504761904761904,0.9052816215162737,0.6761153
0.07504761904761904,0.9060611966478269,0.6744223
0.07523809523809524,0.9060611966478269,0.6743762
0.07523809523809524,0.9064509842136036,0.67385256
0.07561904761904761,0.9064509842136036,0.6734804
0.07561904761904761,0.9070356655622686,0.6720904
0.07580952380952381,0.9070356655622686,0.6716398
0.07580952380952381,0.9074254531280452,0.6697731
0.076,0.9074254531280452,0.66957784
0.076,0.9082050282595985,0.66734815
0.0761904761904762,0.9082050282595985,0.6669322
0.0761904761904762,0.9083999220424869,0.6668778
0.07638095238095238,0.9083999220424869,0.6666073
0.07638095238095238,0.9085948158253752,0.666494
0.07657142857142857,0.9085948158253752,0.6655072
0.07657142857142857,0.9105437536542584,0.6584052
0.07676190476190477,0.9105437536542584,0.65830225
0.07676190476190477,0.9111284350029234,0.6565953
0.07695238095238095,0.9111284350029234,0.6565672
0.07695238095238095,0.9115182225687001,0.65589345
0.07714285714285714,0.9115182225687001,0.6558747
0.07714285714285714,0.9117131163515884,0.65554243
0.07771428571428571,0.9117131163515884,0.65421975
0.07771428571428571,0.912102903917365,0.65301895
0.07790476190476191,0.912102903917365,0.6529669
0.07790476190476191,0.9124926914831417,0.65270257
0.07828571428571429,0.9124926914831417,0.651376
0.07828571428571429,0.91268758526603,0.65134645
0.07847619047619048,0.91268758526603,0.6501424
0.07847619047619048,0.9128824790489184,0.64996266
0.07866666666666666,0.9128824790489184,0.64942473
0.07866666666666666,0.9130773728318067,0.6492744
0.07885714285714286,0.9130773728318067,0.6492275
0.07885714285714286,0.9146365230949133,0.64673084
0.07904761904761905,0.9146365230949133,0.64549994
0.07904761904761905,0.9148314168778016,0.6450193
0.07923809523809523,0.9148314168778016,0.6434804
0.07923809523809523,0.9158058857922432,0.639406
0.07980952380952382,0.9158058857922432,0.63654995
0.07980952380952382,0.9161956733580199,0.63633657
0.08019047619047619,0.9161956733580199,0.6356071
0.08019047619047619,0.9171701422724615,0.63320756
0.08038095238095239,0.9171701422724615,0.63243574
0.08038095238095239,0.9175599298382382,0.63172984
0.08057142857142857,0.9175599298382382,0.63128823
0.08057142857142857,0.9181446111869032,0.62955314
0.08095238095238096,0.9181446111869032,0.62922156
0.08095238095238096,0.9185343987526798,0.628569
0.08133333333333333,0.9185343987526798,0.6282689
0.08133333333333333,0.9189241863184564,0.6278131
0.08152380952380953,0.9189241863184564,0.6277664
0.08152380952380953,0.9193139738842331,0.62747556
0.0820952380952381,0.9193139738842331,0.62269855
0.0820952380952381,0.9197037614500098,0.61886555
0.08228571428571428,0.9197037614500098,0.6176834
0.08228571428571428,0.9208731241473397,0.6137248
0.08247619047619048,0.9208731241473397,0.6134846
0.08247619047619048,0.9210680179302281,0.61333203
0.08266666666666667,0.9210680179302281,0.61303675
0.08266666666666667,0.9214578054960046,0.61245686
0.08323809523809524,0.9214578054960046,0.6093978
0.08323809523809524,0.921652699278893,0.60931116
0.08361904761904762,0.921652699278893,0.6084094
0.08361904761904762,0.9220424868446696,0.6082262
0.0838095238095238,0.9220424868446696,0.6079403
0.0838095238095238,0.9230169557591112,0.60609674
0.084,0.9230169557591112,0.6056426
0.084,0.9232118495419996,0.60461247
0.08419047619047619,0.9232118495419996,0.6037766
0.08419047619047619,0.9236016371077762,0.6015942
0.08438095238095238,0.9236016371077762,0.60044694
0.08438095238095238,0.9237965308906646,0.60036016
0.08457142857142858,0.9237965308906646,0.60022295
0.08457142857142858,0.9251607873708829,0.59831846
0.08495238095238095,0.9251607873708829,0.5963348
0.08495238095238095,0.9257454687195479,0.5952288
0.08514285714285715,0.9257454687195479,0.59462726
0.08514285714285715,0.9261352562853244,0.59414613
0.08533333333333333,0.9261352562853244,0.5940661
0.08533333333333333,0.9265250438511011,0.59289384
0.08571428571428572,0.9265250438511011,0.5905169
0.08571428571428572,0.9269148314168778,0.58956146
0.0859047619047619,0.9269148314168778,0.5895066
0.0859047619047619,0.9271097251997661,0.58846235
0.0860952380952381,0.9271097251997661,0.5873066
0.0860952380952381,0.9274995127655428,0.58698136
0.08628571428571429,0.9274995127655428,0.5869099
0.08628571428571429,0.9288637692457611,0.5854026
0.08647619047619047,0.9288637692457611,0.58499473
0.08647619047619047,0.9292535568115378,0.5832181
0.08666666666666667,0.9292535568115378,0.582062
0.08666666666666667,0.929448450594426,0.5815823
0.08685714285714285,0.929448450594426,0.5811815
0.08685714285714285,0.9296433443773143,0.5811249
0.08704761904761905,0.9296433443773143,0.58102155
0.08704761904761905,0.9304229195088677,0.579906
0.08780952380952381,0.9304229195088677,0.5759287
0.08780952380952381,0.9308127070746444,0.57557476
0.088,0.9308127070746444,0.5738876
0.088,0.9310076008575326,0.5737407
0.0881904761904762,0.9310076008575326,0.57358706
0.0881904761904762,0.9325667511206392,0.5703136
0.08952380952380952,0.9325667511206392,0.56762135
0.08952380952380952,0.9327616449035275,0.5665294
0.08971428571428572,0.9327616449035275,0.5663849
0.08971428571428572,0.9329565386864159,0.56622446
0.09047619047619047,0.9329565386864159,0.56459713
0.09047619047619047,0.9331514324693042,0.5638461
0.09085714285714286,0.9331514324693042,0.56227684
0.09085714285714286,0.9335412200350809,0.5622047
0.09104761904761904,0.9335412200350809,0.5615827
0.09104761904761904,0.9337361138179692,0.5608397
0.09123809523809524,0.9337361138179692,0.5603732
0.09123809523809524,0.9343207951666341,0.559427
0.09142857142857143,0.9343207951666341,0.55915844
0.09142857142857143,0.9349054765152992,0.5579283
0.09161904761904761,0.9349054765152992,0.55762744
0.09161904761904761,0.9352952640810758,0.5564281
0.09180952380952381,0.9352952640810758,0.5562341
0.09180952380952381,0.9354901578639642,0.5552207
0.092,0.9354901578639642,0.55500704
0.092,0.9356850516468525,0.55481434
0.09219047619047618,0.9356850516468525,0.55364347
0.09219047619047618,0.9360748392126291,0.5531719
0.09257142857142857,0.9360748392126291,0.55082947
0.09257142857142857,0.937244201909959,0.5461366
0.09276190476190477,0.937244201909959,0.54560137
0.09276190476190477,0.9374390956928474,0.5451581
0.09333333333333334,0.9374390956928474,0.54076177
0.09333333333333334,0.9376339894757357,0.54000735
0.09371428571428571,0.9376339894757357,0.5379309
0.09371428571428571,0.9380237770415124,0.53672475
0.09390476190476191,0.9380237770415124,0.53627276
0.09390476190476191,0.938413564607289,0.5355959
0.09409523809523809,0.938413564607289,0.5351844
0.09409523809523809,0.9386084583901774,0.5351001
0.09447619047619048,0.9386084583901774,0.5342686
0.09447619047619048,0.938998245955954,0.53344333
0.09466666666666666,0.938998245955954,0.5329861
0.09466666666666666,0.9393880335217306,0.5320835
0.09504761904761905,0.9393880335217306,0.52950907
0.09504761904761905,0.939582927304619,0.52883124
0.09523809523809523,0.939582927304619,0.52857125
0.09523809523809523,0.9397778210875073,0.52798665
0.09542857142857143,0.9397778210875073,0.5278849
0.09542857142857143,0.9399727148703957,0.5276648
0.0958095238095238,0.9399727148703957,0.52757883
0.0958095238095238,0.9405573962190606,0.52295935
0.096,0.9405573962190606,0.52286124
0.096,0.9409471837848372,0.52223086
0.09619047619047619,0.9409471837848372,0.5221089
0.09619047619047619,0.9411420775677256,0.5216694
0.09638095238095239,0.9411420775677256,0.52162606
0.09638095238095239,0.9413369713506139,0.5207983
0.09657142857142857,0.9413369713506139,0.5207573
0.09657142857142857,0.9417267589163906,0.52003616
0.09676190476190476,0.9417267589163906,0.5198163
0.09676190476190476,0.9421165464821672,0.51658833
0.09714285714285714,0.9421165464821672,0.51550055
0.09714285714285714,0.9425063340479438,0.51464033
0.09771428571428571,0.9425063340479438,0.5125188
0.09771428571428571,0.9427012278308322,0.51184404
0.09790476190476191,0.9427012278308322,0.5113802
0.09790476190476191,0.9428961216137205,0.50986004
0.09847619047619048,0.9428961216137205,0.5082622
0.09847619047619048,0.9438705905281621,0.50350845
0.09866666666666667,0.9438705905281621,0.5023589
0.09866666666666667,0.9452348470083805,0.49713266
0.09923809523809524,0.9452348470083805,0.4958184
0.09923809523809524,0.9458195283570454,0.4920556
0.09942857142857142,0.9458195283570454,0.49052945
0.09942857142857142,0.9460144221399337,0.4902793
0.09961904761904762,0.9460144221399337,0.48917782
0.09961904761904762,0.9462093159228221,0.48912728
0.0998095238095238,0.9462093159228221,0.4890865
0.0998095238095238,0.9464042097057104,0.48859957
0.1,0.9464042097057104,0.48857522
0.1,0.9471837848372637,0.4849319
0.10038095238095238,0.9471837848372637,0.48296338
0.10038095238095238,0.9475735724030403,0.48135355
0.10057142857142858,0.9475735724030403,0.47992948
0.10057142857142858,0.9477684661859287,0.4798472
0.10076190476190476,0.9477684661859287,0.479653
0.10076190476190476,0.9481582537517054,0.4778381
0.10133333333333333,0.9481582537517054,0.47573084
0.10133333333333333,0.9483531475345937,0.4755042
0.10228571428571429,0.9483531475345937,0.4735329
0.10228571428571429,0.9485480413174819,0.47330475
0.10247619047619047,0.9485480413174819,0.47208068
0.10247619047619047,0.9487429351003703,0.47192946
0.10266666666666667,0.9487429351003703,0.47117326
0.10266666666666667,0.9491327226661469,0.470166
0.10304761904761905,0.9491327226661469,0.46928218
0.10304761904761905,0.9495225102319236,0.46678928
0.10342857142857143,0.9495225102319236,0.4657294
0.10342857142857143,0.9501071915805885,0.46288034
0.10380952380952381,0.9501071915805885,0.46226075
0.10380952380952381,0.9504969791463652,0.46142527
0.104,0.9504969791463652,0.4609733
0.104,0.9508867667121419,0.46066362
0.1041904761904762,0.9508867667121419,0.46052095
0.1041904761904762,0.9510816604950302,0.4589981
0.10438095238095238,0.9510816604950302,0.4580239
0.10438095238095238,0.9514714480608069,0.45661587
0.10476190476190476,0.9514714480608069,0.45476905
0.10476190476190476,0.9516663418436951,0.4518685
0.10571428571428572,0.9516663418436951,0.44899744
0.10571428571428572,0.9518612356265835,0.44897985
0.10685714285714286,0.9518612356265835,0.44418657
0.10685714285714286,0.9520561294094718,0.44250855
0.10704761904761904,0.9520561294094718,0.44189176
0.10704761904761904,0.9522510231923602,0.44133297
0.10723809523809524,0.9522510231923602,0.4412069
0.10723809523809524,0.9528357045410252,0.44010395
0.108,0.9528357045410252,0.43817812
0.108,0.9541999610212434,0.4349393
0.10819047619047618,0.9541999610212434,0.4335901
0.10819047619047618,0.955174429935685,0.42949414
0.10857142857142857,0.955174429935685,0.42902714
0.10857142857142857,0.9553693237185734,0.4289371
0.10876190476190477,0.9553693237185734,0.42891902
0.10876190476190477,0.95575911128435,0.427635
0.10952380952380952,0.95575911128435,0.42604247
0.10952380952380952,0.956343792633015,0.42430353
0.10971428571428571,0.956343792633015,0.42409074
0.10971428571428571,0.9565386864159033,0.42401615
0.1100952380952381,0.9565386864159033,0.4237401
0.1100952380952381,0.95692847398168,0.42215225
0.11142857142857143,0.95692847398168,0.41726366
0.11142857142857143,0.9571233677645683,0.4171869
0.1118095238095238,0.9571233677645683,0.41560692
0.1118095238095238,0.9573182615474566,0.41541114
0.11257142857142857,0.9573182615474566,0.41222703
0.11257142857142857,0.9579029428961217,0.41013455
0.11314285714285714,0.9579029428961217,0.4079545
0.11314285714285714,0.9582927304618982,0.4056202
0.11333333333333333,0.9582927304618982,0.40536803
0.11333333333333333,0.9584876242447866,0.40330794
0.11390476190476191,0.9584876242447866,0.4016366
0.11390476190476191,0.9586825180276749,0.4016234
0.11428571428571428,0.9586825180276749,0.3995778
0.11428571428571428,0.9590723055934516,0.39900967
0.11447619047619048,0.9590723055934516,0.39854097
0.11447619047619048,0.9594620931592283,0.39745697
0.11485714285714285,0.9594620931592283,0.39453003
0.11485714285714285,0.9600467745078932,0.39389968
0.11523809523809524,0.9600467745078932,0.3930609
0.11523809523809524,0.9602416682907815,0.39276558
0.11542857142857142,0.9602416682907815,0.39171645
0.11542857142857142,0.9604365620736699,0.39131665
0.11619047619047619,0.9604365620736699,0.3887373
0.11619047619047619,0.9606314558565582,0.3884605
0.11733333333333333,0.9606314558565582,0.38365534
0.11733333333333333,0.9608263496394465,0.38254586
0.11752380952380953,0.9608263496394465,0.3822525
0.11752380952380953,0.9612161372052231,0.3783629
0.1180952380952381,0.9612161372052231,0.37641793
0.1180952380952381,0.9614110309881114,0.37633842
0.11828571428571429,0.9614110309881114,0.37618697
0.11828571428571429,0.9616059247709998,0.3756182
0.11847619047619047,0.9616059247709998,0.37372434
0.11847619047619047,0.9618008185538881,0.3721022
0.11923809523809524,0.9618008185538881,0.36638284
0.11923809523809524,0.9619957123367765,0.3662783
0.11942857142857143,0.9619957123367765,0.36588347
0.11942857142857143,0.9621906061196648,0.3658671
0.12076190476190476,0.9621906061196648,0.35872504
0.12076190476190476,0.9625803936854415,0.35822785
0.12114285714285715,0.9625803936854415,0.35711578
0.12114285714285715,0.9627752874683297,0.3563476
0.12152380952380952,0.9627752874683297,0.35595608
0.12152380952380952,0.9629701812512181,0.35557178
0.1219047619047619,0.9629701812512181,0.35521388
0.1219047619047619,0.9631650750341064,0.35513085
0.12304761904761904,0.9631650750341064,0.35094392
0.12304761904761904,0.9633599688169947,0.3506907
0.12323809523809524,0.9633599688169947,0.3502769
0.12323809523809524,0.9635548625998831,0.35018128
0.12361904761904761,0.9635548625998831,0.34901142
0.12361904761904761,0.9639446501656597,0.3441535
0.12380952380952381,0.9639446501656597,0.34413534
0.12380952380952381,0.964724225297213,0.33754545
0.12419047619047618,0.964724225297213,0.33681494
0.12419047619047618,0.9649191190801013,0.3367
0.12438095238095238,0.9649191190801013,0.33469078
0.12438095238095238,0.9655038004287663,0.33402568
0.12457142857142857,0.9655038004287663,0.333866
0.12457142857142857,0.9656986942116547,0.33318913
0.12552380952380954,0.9656986942116547,0.33031255
0.12552380952380954,0.965893587994543,0.32993954
0.12666666666666668,0.965893587994543,0.32513028
0.12666666666666668,0.9660884817774313,0.32510543
0.12704761904761905,0.9660884817774313,0.32372108
0.12704761904761905,0.9664782693432079,0.32312354
0.12723809523809523,0.9664782693432079,0.32280186
0.12723809523809523,0.967062950691873,0.31805396
0.12933333333333333,0.967062950691873,0.30933788
0.12933333333333333,0.9672578444747613,0.30891898
0.1300952380952381,0.9672578444747613,0.3058931
0.1300952380952381,0.9674527382576495,0.30511466
0.13028571428571428,0.9674527382576495,0.30384567
0.13028571428571428,0.9678425258234262,0.3034904
0.132,0.9678425258234262,0.3003961
0.132,0.9680374196063145,0.2991504
0.13295238095238096,0.9680374196063145,0.2967435
0.13295238095238096,0.9682323133892029,0.29633737
0.13314285714285715,0.9682323133892029,0.29594183
0.13314285714285715,0.9686221009549796,0.29377007
0.13390476190476192,0.9686221009549796,0.28946432
0.13390476190476192,0.9688169947378679,0.28937393
0.13485714285714287,0.9688169947378679,0.28636906
0.13485714285714287,0.9690118885207561,0.28618163
0.13504761904761906,0.9690118885207561,0.28542528
0.13504761904761906,0.9694016760865328,0.28230098
0.13542857142857143,0.9694016760865328,0.2808056
0.13542857142857143,0.9697914636523095,0.28005704
0.1356190476190476,0.9697914636523095,0.2783422
0.1356190476190476,0.9699863574351978,0.2767989
0.13714285714285715,0.9699863574351978,0.27446693
0.13714285714285715,0.9705710387838627,0.27219072
0.13733333333333334,0.9705710387838627,0.27191147
0.13733333333333334,0.9707659325667511,0.27116644
0.13752380952380952,0.9707659325667511,0.26985866
0.13752380952380952,0.9709608263496394,0.26850092
0.1377142857142857,0.9709608263496394,0.26829013
0.1377142857142857,0.9713506139154161,0.26718107
0.1380952380952381,0.9713506139154161,0.26529214
0.1380952380952381,0.9715455076983044,0.26417646
0.13885714285714285,0.9715455076983044,0.2616123
0.13885714285714285,0.9717404014811928,0.2612883
0.13904761904761906,0.9717404014811928,0.26096454
0.13904761904761906,0.9719352952640811,0.2599147
0.13923809523809524,0.9719352952640811,0.2595279
0.13923809523809524,0.9721301890469694,0.25806153
0.13942857142857143,0.9721301890469694,0.25694638
0.13942857142857143,0.9723250828298577,0.25552338
0.14038095238095238,0.9723250828298577,0.2531429
0.14038095238095238,0.972519976612746,0.25158456
0.14266666666666666,0.972519976612746,0.24500786
0.14266666666666666,0.9727148703956344,0.24368541
0.14304761904761903,0.9727148703956344,0.24032183
0.14304761904761903,0.9729097641785227,0.23979431
0.14361904761904762,0.9729097641785227,0.2379581
0.14361904761904762,0.973104657961411,0.23781648
0.1441904761904762,0.973104657961411,0.23623048
0.1441904761904762,0.9732995517442994,0.23537622
0.1462857142857143,0.9732995517442994,0.2274089
0.1462857142857143,0.9734944455271877,0.22731148
0.14723809523809525,0.9734944455271877,0.22410454
0.14723809523809525,0.9736893393100761,0.22371602
0.148,0.9736893393100761,0.22296612
0.148,0.9738842330929643,0.22286707
0.14971428571428572,0.9738842330929643,0.21824937
0.14971428571428572,0.9740791268758526,0.21792309
0.1499047619047619,0.9740791268758526,0.21786466
0.1499047619047619,0.974274020658741,0.2175134
0.15066666666666667,0.974274020658741,0.21546505
0.15066666666666667,0.9744689144416293,0.21541037
0.15123809523809523,0.9744689144416293,0.21309581
0.15123809523809523,0.9746638082245176,0.21292533
0.1539047619047619,0.9746638082245176,0.20518625
0.1539047619047619,0.974858702007406,0.20472306
0.15504761904761905,0.974858702007406,0.20104346
0.15504761904761905,0.9750535957902943,0.20081094
0.156,0.9750535957902943,0.19417016
0.156,0.9752484895731827,0.19416656
0.15733333333333333,0.9752484895731827,0.19143151
0.15733333333333333,0.975443383356071,0.19127584
0.15961904761904763,0.975443383356071,0.18652911
0.15961904761904763,0.9756382771389592,0.18619902
0.16,0.9756382771389592,0.18486874
0.16,0.9758331709218476,0.18385862
0.1601904761904762,0.9758331709218476,0.18376482
0.1601904761904762,0.9760280647047359,0.18346843
0.16095238095238096,0.9760280647047359,0.18072589
0.16095238095238096,0.9764178522705126,0.17947905
0.16171428571428573,0.9764178522705126,0.17776887
0.16171428571428573,0.9766127460534009,0.17757995
0.16285714285714287,0.9766127460534009,0.17225121
0.16285714285714287,0.9768076398362893,0.17194879
0.16304761904761905,0.9768076398362893,0.1712077
0.16304761904761905,0.9771974274020658,0.17101084
0.16495238095238096,0.9771974274020658,0.16737528
0.16495238095238096,0.9773923211849542,0.16716813
0.1657142857142857,0.9773923211849542,0.16518234
0.1657142857142857,0.9775872149678425,0.16480738
0.16666666666666666,0.9775872149678425,0.16318226
0.16666666666666666,0.9777821087507309,0.16270068
0.16685714285714287,0.9777821087507309,0.162672
0.16685714285714287,0.9779770025336192,0.16205965
0.168,0.9779770025336192,0.15865166
0.168,0.9781718963165075,0.15837748
0.16895238095238096,0.9781718963165075,0.15728992
0.16895238095238096,0.9783667900993959,0.1571949
0.16952380952380952,0.9783667900993959,0.15660442
0.16952380952380952,0.9785616838822842,0.15639693
0.17104761904761906,0.9785616838822842,0.15389179
0.17104761904761906,0.9787565776651724,0.15334564
0.17276190476190476,0.9787565776651724,0.15130147
0.17276190476190476,0.9789514714480608,0.15122692
0.1740952380952381,0.9789514714480608,0.14834829
0.1740952380952381,0.9791463652309491,0.14711852
0.1742857142857143,0.9791463652309491,0.14684567
0.1742857142857143,0.9793412590138375,0.14684401
0.17504761904761904,0.9793412590138375,0.1442458
0.17504761904761904,0.9795361527967258,0.14417906
0.1758095238095238,0.9795361527967258,0.14309499
0.1758095238095238,0.9797310465796141,0.14256372
0.17657142857142857,0.9797310465796141,0.14053652
0.17657142857142857,0.9799259403625025,0.14051671
0.17961904761904762,0.9799259403625025,0.13536234
0.17961904761904762,0.9801208341453908,0.13493058
0.1798095238095238,0.9801208341453908,0.13409066
0.1798095238095238,0.980315727928279,0.13403432
0.1803809523809524,0.980315727928279,0.13362667
0.1803809523809524,0.9805106217111674,0.13345861
0.18095238095238095,0.9805106217111674,0.13244288
0.18095238095238095,0.9807055154940557,0.13226886
0.18361904761904763,0.9807055154940557,0.12581758
0.18361904761904763,0.9809004092769441,0.12573954
0.1838095238095238,0.9809004092769441,0.12573256
0.1838095238095238,0.9810953030598324,0.12463174
0.18495238095238095,0.9810953030598324,0.123260826
0.18495238095238095,0.9812901968427207,0.123093694
0.18533333333333332,0.9812901968427207,0.12272831
0.18533333333333332,0.9814850906256091,0.122642286
0.18552380952380954,0.9814850906256091,0.12261099
0.18552380952380954,0.9816799844084974,0.12204131
0.18666666666666668,0.9816799844084974,0.12023509
0.18666666666666668,0.9818748781913857,0.12003738
0.18819047619047619,0.9818748781913857,0.11806528
0.18819047619047619,0.9822646657571623,0.11788705
0.18838095238095237,0.9822646657571623,0.11777826
0.18838095238095237,0.9824595595400507,0.11752556
0.1900952380952381,0.9824595595400507,0.11185827
0.1900952380952381,0.982654453322939,0.11119367
0.1921904761904762,0.982654453322939,0.108479634
0.1921904761904762,0.9828493471058273,0.10841734
0.19371428571428573,0.9828493471058273,0.10650582
0.19371428571428573,0.9830442408887157,0.10631888
0.1961904761904762,0.9830442408887157,0.10294063
0.1961904761904762,0.983239134671604,0.10278217
0.19790476190476192,0.983239134671604,0.101550974
0.19790476190476192,0.9834340284544923,0.10100219
0.2,0.9834340284544923,0.098554246
0.2,0.9836289222373806,0.098482184
0.20133333333333334,0.9836289222373806,0.09677851
0.20133333333333334,0.9838238160202689,0.09602803
0.20438095238095239,0.9838238160202689,0.091180235
0.20438095238095239,0.9840187098031573,0.09093463
0.20552380952380953,0.9840187098031573,0.08891865
0.20552380952380953,0.9842136035860456,0.08870879
0.20742857142857143,0.9842136035860456,0.08606098
0.20742857142857143,0.9844084973689339,0.085914485
0.2078095238095238,0.9844084973689339,0.08551051
0.2078095238095238,0.9846033911518223,0.08513398
0.2083809523809524,0.9846033911518223,0.08509287
0.2083809523809524,0.9847982849347106,0.08485381
0.20914285714285713,0.9847982849347106,0.0845369
0.20914285714285713,0.9851880725004872,0.08430372
0.2140952380952381,0.9851880725004872,0.079222314
0.2140952380952381,0.9853829662833755,0.07903753
0.21657142857142858,0.9853829662833755,0.07734734
0.21657142857142858,0.9855778600662639,0.07697879
0.21676190476190477,0.9855778600662639,0.07692202
0.21676190476190477,0.9859676476320406,0.07679804
0.22304761904761905,0.9859676476320406,0.07071334
0.22304761904761905,0.9861625414149289,0.07052595
0.22552380952380952,0.9861625414149289,0.0694733
0.22552380952380952,0.9863574351978172,0.06945834
0.22704761904761905,0.9863574351978172,0.06846042
0.22704761904761905,0.9865523289807056,0.06828914
0.228,0.9865523289807056,0.06800367
0.228,0.9867472227635938,0.067705765
0.22838095238095238,0.9867472227635938,0.067447074
0.22838095238095238,0.9869421165464821,0.067292646
0.22914285714285715,0.9869421165464821,0.066371895
0.22914285714285715,0.9871370103293705,0.066121444
0.23066666666666666,0.9871370103293705,0.06514565
0.23066666666666666,0.9873319041122588,0.06514485
0.23695238095238094,0.9873319041122588,0.06156154
0.23695238095238094,0.9875267978951472,0.061319593
0.23904761904761904,0.9875267978951472,0.060435325
0.23904761904761904,0.9877216916780355,0.060195457
0.24285714285714285,0.9877216916780355,0.058588136
0.24285714285714285,0.9879165854609238,0.05841348
0.25142857142857145,0.9879165854609238,0.05385251
0.25142857142857145,0.9881114792438122,0.053819
0.25257142857142856,0.9881114792438122,0.053356953
0.25257142857142856,0.9883063730267004,0.05334832
0.2558095238095238,0.9883063730267004,0.051211786
0.2558095238095238,0.9885012668095887,0.05120534
0.2571428571428571,0.9885012668095887,0.050759792
0.2571428571428571,0.9886961605924771,0.05053245
0.25942857142857145,0.9886961605924771,0.04923999
0.25942857142857145,0.9888910543753654,0.04919653
0.26152380952380955,0.9888910543753654,0.047846176
0.26152380952380955,0.9890859481582538,0.047722477
0.26476190476190475,0.9890859481582538,0.046498634
0.26476190476190475,0.9894757357240304,0.04616256
0.2693333333333333,0.9894757357240304,0.04466904
0.2693333333333333,0.9896706295069188,0.044623077
0.2716190476190476,0.9896706295069188,0.04348412
0.2716190476190476,0.989865523289807,0.043397244
0.2819047619047619,0.989865523289807,0.039599147
0.2819047619047619,0.9900604170726954,0.03953247
0.28914285714285715,0.9900604170726954,0.037149258
0.28914285714285715,0.9902553108555837,0.03713495
0.2923809523809524,0.9902553108555837,0.035840277
0.2923809523809524,0.990450204638472,0.035800096
0.29847619047619045,0.990450204638472,0.03430831
0.29847619047619045,0.9906450984213604,0.03428653
0.30095238095238097,0.9906450984213604,0.033538695
0.30095238095238097,0.9908399922042487,0.03350115
0.30514285714285716,0.9908399922042487,0.03268863
0.30514285714285716,0.991034885987137,0.032477047
0.30876190476190474,0.991034885987137,0.031600207
0.30876190476190474,0.9912297797700254,0.0315235
0.3253333333333333,0.9912297797700254,0.028255735
0.3253333333333333,0.9914246735529136,0.028248182
0.33504761904761904,0.9914246735529136,0.026978621
0.33504761904761904,0.991619567335802,0.026968084
0.33866666666666667,0.991619567335802,0.02640339
0.33866666666666667,0.9918144611186903,0.026393168
0.3394285714285714,0.9918144611186903,0.026227608
0.3394285714285714,0.9920093549015786,0.026211513
0.3455238095238095,0.9920093549015786,0.025608577
0.3455238095238095,0.992204248684467,0.025607213
0.36114285714285715,0.992204248684467,0.023758382
0.36114285714285715,0.9923991424673553,0.023757422
0.36914285714285716,0.9923991424673553,0.02262998
0.36914285714285716,0.9925940362502437,0.02261388
0.37333333333333335,0.9925940362502437,0.022091785
0.37333333333333335,0.992788930033132,0.022036392
0.3832380952380952,0.992788930033132,0.020756612
0.3832380952380952,0.9929838238160202,0.020748729
0.3952380952380952,0.9929838238160202,0.019499611
0.3952380952380952,0.9931787175989086,0.019498868
0.4104761904761905,0.9931787175989086,0.018134888
0.4104761904761905,0.9933736113817969,0.018109888
0.41104761904761905,0.9933736113817969,0.018058792
0.4114285714285714,0.9933736113817969,0.018049287
0.42438095238095236,0.9933736113817969,0.017141556
0.42438095238095236,0.9935685051646852,0.017137775
0.4247619047619048,0.9935685051646852,0.017105281
0.4247619047619048,0.9937633989475736,0.01710142
0.4300952380952381,0.9937633989475736,0.016690696
0.4300952380952381,0.9939582927304619,0.016685892
0.4321904761904762,0.9939582927304619,0.016558113
0.4321904761904762,0.9941531865133503,0.016551258
0.44152380952380954,0.9941531865133503,0.016003432
0.44152380952380954,0.9943480802962386,0.015994865
0.4592380952380952,0.9943480802962386,0.014723556
0.4592380952380952,0.9945429740791268,0.014721439
0.4622857142857143,0.9945429740791268,0.01460096
0.4622857142857143,0.9947378678620152,0.014597236
0.46495238095238095,0.9947378678620152,0.014495928
0.46495238095238095,0.9949327616449035,0.014494449
0.4756190476190476,0.9949327616449035,0.01376099
0.4756190476190476,0.9951276554277918,0.013743425
0.4777142857142857,0.9951276554277918,0.013649725
0.4777142857142857,0.9953225492106802,0.013638912
0.4796190476190476,0.9953225492106802,0.01353968
0.4796190476190476,0.9955174429935685,0.013525586
0.4824761904761905,0.9955174429935685,0.013432821
0.4824761904761905,0.9957123367764569,0.013416017
0.48304761904761906,0.9957123367764569,0.013387783
0.48304761904761906,0.9959072305593452,0.013365964
0.49047619047619045,0.9959072305593452,0.01299134
0.49047619047619045,0.9961021243422334,0.012984343
0.49523809523809526,0.9961021243422334,0.012760016
0.49523809523809526,0.9962970181251218,0.01274388
0.5106666666666667,0.9962970181251218,0.012019286
0.5106666666666667,0.9964919119080101,0.0119887255
0.5123809523809524,0.9964919119080101,0.011933444
0.5123809523809524,0.9966868056908985,0.011926042
0.54,0.9966868056908985,0.010964783
0.54,0.9968816994737868,0.010960854
0.5472380952380952,0.9968816994737868,0.010609229
0.5472380952380952,0.9970765932566751,0.010608734
0.6133333333333333,0.9970765932566751,0.008685419
0.6133333333333333,0.9972714870395635,0.008675625
0.6460952380952381,0.9972714870395635,0.008038631
0.6460952380952381,0.9974663808224518,0.008037783
0.6558095238095238,0.9974663808224518,0.007819632
0.6558095238095238,0.99766127460534,0.007819488
0.6704761904761904,0.99766127460534,0.0075459415
0.6708571428571428,0.99766127460534,0.0075457166
0.7245714285714285,0.99766127460534,0.0065420126
0.7245714285714285,0.9978561683882284,0.0065400917
0.7430476190476191,0.9978561683882284,0.0062430073
0.7430476190476191,0.9980510621711167,0.006242279
0.7704761904761904,0.9980510621711167,0.0057730083
0.7704761904761904,0.9982459559540051,0.0057727676
0.7782857142857142,0.9982459559540051,0.005649043
0.7782857142857142,0.9984408497368934,0.0056457114
0.8059047619047619,0.9984408497368934,0.005199617
0.8059047619047619,0.9986357435197817,0.005193558
0.808952380952381,0.9986357435197817,0.0051545617
0.808952380952381,0.9988306373026701,0.0051527675
0.8788571428571429,0.9988306373026701,0.004132957
0.8792380952380953,0.9988306373026701,0.0041320585
0.8870476190476191,0.9988306373026701,0.004009762
0.8870476190476191,0.9990255310855584,0.00400877
0.9161904761904762,0.9990255310855584,0.0035676651
0.9161904761904762,0.9992204248684466,0.0035659736
0.932952380952381,0.9992204248684466,0.003312572
0.932952380952381,0.999415318651335,0.0033115533
0.9392380952380952,0.999415318651335,0.0031886841
0.9392380952380952,0.9996102124342233,0.0031855525
0.9792380952380952,0.9996102124342233,0.0020190205
0.9792380952380952,0.9998051062171117,0.0020167776
0.9855238095238095,0.9998051062171117,0.0014002622
0.9855238095238095,1.0,0.0013682259
1.0,1.0,0.00037900626
